pc_time,samp_num,ph_time,v_bat,v_bias_pos,v_bias_neg,t_board,h_board,vrse,vrse_std,cevk,cevk_std,ce_ik,i_sub,cal_temp,cal_sal,k0,k2,pH_free,ph_total
2024-08-09 20:13:47.242183,4545,08/09/2024 20:13:40,6.81,3.62,-3.61,25.1,44.0,-0.949614,9e-06,-0.907067,4e-06,33.98,-10.174,25,30,-1.42765,-0.001037,23.990421890756352,23.889310106168363
2024-08-09 20:13:59.103272,4546,08/09/2024 20:13:52,6.8,3.62,-3.61,25.1,44.0,-0.949456,2.1e-05,-0.906933,8e-06,33.27,-10.643,25,30,-1.42765,-0.001037,23.990489504540346,23.889377719952357
2024-08-09 20:14:10.956363,4547,08/09/2024 20:14:04,6.79,3.62,-3.61,25.36,44.0,-0.949525,5e-06,-0.906995,4e-06,34.28,-10.36,25,30,-1.42765,-0.001037,23.990421890756352,23.889310106168363
2024-08-09 20:14:22.828335,4548,08/09/2024 20:14:16,6.8,3.62,-3.61,25.1,44.0,-0.94938,2.7e-05,-0.90693,1.5e-05,33.58,-10.368,25,30,-1.42765,-0.001037,23.99060782866233,23.889496044074342
2024-08-09 20:14:34.703966,4549,08/09/2024 20:14:28,6.79,3.62,-3.61,24.97,44.0,-0.949297,2.3e-05,-0.906798,1.1e-05,33.59,-10.936,25,30,-1.42765,-0.001037,23.990540214878337,23.889428430290348
2024-08-09 20:14:46.564499,4550,08/09/2024 20:14:40,6.79,3.62,-3.61,25.1,44.0,-0.949366,3.3e-05,-0.906811,4e-06,33.72,-11.027,25,30,-1.42765,-0.001037,23.990421890756352,23.889310106168363
2024-08-09 20:14:58.417555,4551,08/09/2024 20:14:51,6.81,3.62,-3.61,24.97,44.0,-0.949471,8e-06,-0.906964,5e-06,33.54,-10.49,25,30,-1.42765,-0.001037,23.99043879420235,23.889327009614362
2024-08-09 20:15:10.287291,4552,08/09/2024 20:15:03,6.79,3.62,-3.61,25.1,44.0,-0.94946,9e-06,-0.906989,8e-06,34.0,-10.41,25,30,-1.42765,-0.001037,23.990489504540346,23.889377719952357
2024-08-09 20:15:22.188252,4553,08/09/2024 20:15:15,6.8,3.62,-3.61,25.1,44.0,-0.949609,1.6e-05,-0.907109,7e-06,34.02,-10.132,25,30,-1.42765,-0.001037,23.990472601094346,23.889360816506358
2024-08-09 20:15:34.051475,4554,08/09/2024 20:15:27,6.79,3.62,-3.61,25.49,44.0,-0.949763,2.8e-05,-0.907162,1.2e-05,33.46,-9.832,25,30,-1.42765,-0.001037,23.990557118324336,23.889445333736347
2024-08-09 20:15:45.924547,4555,08/09/2024 20:15:39,6.79,3.62,-3.61,25.49,44.0,-0.949513,2.5e-05,-0.90711,8e-06,33.59,-9.988,25,30,-1.42765,-0.001037,23.990489504540346,23.889377719952357
2024-08-09 20:15:57.794288,4556,08/09/2024 20:15:51,6.79,3.62,-3.61,25.23,44.0,-0.949759,4.7e-05,-0.907373,8e-06,33.35,-9.048,25,30,-1.42765,-0.001037,23.990489504540346,23.889377719952357
2024-08-09 20:16:09.654510,4557,08/09/2024 20:16:03,6.8,3.62,-3.61,25.1,44.0,-0.949573,1.8e-05,-0.907073,7e-06,34.05,-9.973,25,30,-1.42765,-0.001037,23.990472601094346,23.889360816506358
2024-08-09 20:17:06.194341,4558,08/09/2024 20:16:59,6.79,3.62,-3.61,25.36,44.0,-0.949664,5e-06,-0.90721,4e-06,33.48,-9.736,25,30,-1.42765,-0.001037,-140.58159595978776,-140.68270774437576
2024-08-09 20:17:18.065060,4559,08/09/2024 20:17:11,6.8,3.62,-3.61,24.97,44.0,-0.949549,9e-06,-0.907077,3e-06,33.53,-9.974,25,30,-1.42765,-0.001037,-144.60461610731744,-144.70572789190544
2024-08-09 20:17:29.575738,4560,08/09/2024 20:17:23,6.8,3.62,-3.61,24.71,44.0,-0.9496,1.1e-05,-0.907143,4e-06,33.4,-9.95,25,30,-1.42765,-0.001037,588.5654506109688,588.4643388263809
2024-08-09 20:17:46.299617,4562,08/09/2024 20:17:39,6.8,3.62,-3.61,25.23,44.0,-0.949639,8e-06,-0.907209,9e-06,33.74,-9.694,25,30,-1.42765,-0.001037,8.655395936551145,8.554284151963156
2024-08-09 20:17:58.162510,4563,08/09/2024 20:17:51,6.79,3.62,-3.61,25.1,44.0,-0.94958,1.3e-05,-0.907141,7e-06,33.24,-9.912,25,30,-1.42765,-0.001037,8.656545370879012,8.555433586291024
2024-08-09 20:18:10.030621,4564,08/09/2024 20:18:03,6.79,3.62,-3.61,24.97,44.0,-0.949587,1e-05,-0.907147,5e-06,33.69,-9.879,25,30,-1.42765,-0.001037,8.656443950203023,8.555332165615035
2024-08-09 20:18:22.533463,4565,08/09/2024 20:18:16,6.78,3.62,-3.61,24.97,44.0,-0.949598,2.6e-05,-0.907177,1.8e-05,33.85,-10.057,25,30,-1.42765,-0.001037,7.938875764140913,7.837763979552924
2024-08-09 20:18:34.402622,4566,08/09/2024 20:18:27,6.79,3.62,-3.61,25.1,44.0,-0.950124,9.2e-05,-0.907411,3.8e-05,33.85,-9.183,25,30,-1.42765,-0.001037,7.929984551545954,7.828872766957965
2024-08-09 20:18:46.275175,4567,08/09/2024 20:18:39,6.79,3.62,-3.61,25.23,44.0,-0.949468,6e-06,-0.907098,1.7e-05,34.36,-9.867,25,30,-1.42765,-0.001037,7.941073212120657,7.839961427532669
2024-08-09 20:18:58.119120,4568,08/09/2024 20:18:51,6.79,3.62,-3.61,25.23,44.0,-0.949462,1e-05,-0.907068,8e-06,32.68,-10.256,25,30,-1.42765,-0.001037,7.941174632796645,7.840062848208656
2024-08-09 20:19:09.986964,4569,08/09/2024 20:19:03,6.79,3.62,-3.61,25.23,44.0,-0.949445,7e-06,-0.907042,6e-06,33.53,-10.247,25,30,-1.42765,-0.001037,7.941461991378612,7.840350206790624
2024-08-09 20:19:21.846416,4570,08/09/2024 20:19:15,6.79,3.62,-3.61,25.1,44.0,-0.949517,2.9e-05,-0.907176,3e-06,32.93,-9.97,25,30,-1.42765,-0.001037,7.940244943266753,7.839133158678764
2024-08-09 20:19:33.700061,4571,08/09/2024 20:19:27,6.79,3.62,-3.61,25.23,44.0,-0.94949,7e-06,-0.907104,1.3e-05,34.18,-10.227,25,30,-1.42765,-0.001037,7.940701336308702,7.839589551720713
2024-08-09 20:19:45.577850,4572,08/09/2024 20:19:39,6.78,3.62,-3.61,25.23,44.0,-0.949021,1.4e-05,-0.906649,5e-06,33.04,-11.77,25,30,-1.42765,-0.001037,7.948629052481773,7.847517267893784
2024-08-09 20:19:57.439917,4573,08/09/2024 20:19:50,6.78,3.62,-3.61,25.23,44.0,-0.949056,8e-06,-0.906701,1.5e-05,34.18,-11.497,25,30,-1.42765,-0.001037,7.948037431871843,7.846925647283855
2024-08-09 20:20:09.312050,4574,08/09/2024 20:20:02,6.79,3.62,-3.61,25.23,44.0,-0.949109,7e-06,-0.906728,5e-06,34.2,-11.482,25,30,-1.42765,-0.001037,7.947141549233948,7.84602976464596
2024-08-09 20:20:21.179239,4575,08/09/2024 20:20:14,6.79,3.62,-3.61,25.1,44.0,-0.949043,6e-06,-0.906675,1.1e-05,33.79,-11.666,25,30,-1.42765,-0.001037,7.948257176669817,7.847145392081829
2024-08-09 20:20:33.083097,4576,08/09/2024 20:20:26,6.78,3.62,-3.61,25.49,44.0,-0.94906,1.4e-05,-0.90673,7e-06,33.11,-11.537,25,30,-1.42765,-0.001037,7.947969818087851,7.8468580334998626
2024-08-09 20:20:44.945359,4577,08/09/2024 20:20:38,6.79,3.62,-3.61,25.1,44.0,-0.949199,1.1e-05,-0.906838,1.1e-05,33.79,-11.215,25,30,-1.42765,-0.001037,7.945620239094125,7.844508454506136
2024-08-09 20:20:56.806968,4578,08/09/2024 20:20:50,6.78,3.62,-3.61,25.36,44.0,-0.949242,1.1e-05,-0.906891,7e-06,34.07,-11.037,25,30,-1.42765,-0.001037,7.944893390916209,7.84378160632822
2024-08-09 20:21:08.711450,4579,08/09/2024 20:21:02,6.78,3.62,-3.61,25.23,44.0,-0.949219,5e-06,-0.906899,9e-06,34.05,-10.984,25,30,-1.42765,-0.001037,7.945282170174164,7.8441703855861755
2024-08-09 20:21:20.575547,4580,08/09/2024 20:21:14,6.78,3.62,-3.61,25.1,44.0,-0.949381,5e-06,-0.907058,6e-06,32.99,-10.538,25,30,-1.42765,-0.001037,7.9425438119224845,7.841432027334496
2024-08-09 20:21:32.445893,4581,08/09/2024 20:21:25,6.78,3.62,-3.61,25.23,44.0,-0.949318,9e-06,-0.906985,6e-06,33.81,-10.566,25,30,-1.42765,-0.001037,7.943608729020361,7.842496944432372
2024-08-09 20:21:44.309031,4582,08/09/2024 20:21:37,6.8,3.62,-3.61,25.23,44.0,-0.949442,6e-06,-0.907121,3e-06,33.53,-10.258,25,30,-1.42765,-0.001037,7.941512701716605,7.840400917128616
2024-08-09 20:21:56.177085,4583,08/09/2024 20:21:49,6.78,3.62,-3.61,25.23,44.0,-0.949467,9e-06,-0.907154,1e-05,33.54,-10.233,25,30,-1.42765,-0.001037,7.941090115566657,7.839978330978668
2024-08-09 20:22:08.039690,4584,08/09/2024 20:22:01,6.78,3.62,-3.61,25.49,44.0,-0.949366,7e-06,-0.907028,1.6e-05,33.74,-10.563,25,30,-1.42765,-0.001037,7.942797363612455,7.841685579024467
2024-08-09 20:22:19.907261,4585,08/09/2024 20:22:13,6.79,3.62,-3.61,25.1,44.0,-0.949344,1e-05,-0.907044,6e-06,33.54,-10.427,25,30,-1.42765,-0.001037,7.943169239424413,7.842057454836424
2024-08-09 20:22:31.800462,4586,08/09/2024 20:22:25,6.77,3.62,-3.61,25.49,44.0,-0.949553,1.7e-05,-0.907208,1.3e-05,33.95,-10.042,25,30,-1.42765,-0.001037,7.939636419210825,7.8385246346228366
2024-08-09 20:22:43.670308,4587,08/09/2024 20:22:37,6.78,3.62,-3.61,25.23,44.0,-0.949482,1e-05,-0.907212,2e-06,33.87,-10.046,25,30,-1.42765,-0.001037,7.940836563876684,7.839724779288695
2024-08-09 20:22:55.538645,4588,08/09/2024 20:22:49,6.79,3.62,-3.61,25.23,44.0,-0.94944,8e-06,-0.907178,6e-06,33.76,-10.008,25,30,-1.42765,-0.001037,7.941546508608602,7.840434724020613
2024-08-09 20:23:07.402547,4589,08/09/2024 20:23:00,6.79,3.62,-3.61,25.23,44.0,-0.949469,9e-06,-0.907178,6e-06,34.21,-10.053,25,30,-1.42765,-0.001037,7.94105630867466,7.839944524086671
2024-08-09 20:23:19.269740,4590,08/09/2024 20:23:12,6.79,3.62,-3.61,25.49,44.0,-0.949506,7e-06,-0.907235,5e-06,33.27,-9.874,25,30,-1.42765,-0.001037,7.940430881172733,7.839319096584744
2024-08-09 20:23:31.137010,4591,08/09/2024 20:23:24,6.78,3.62,-3.61,25.23,44.0,-0.949479,8e-06,-0.907215,5e-06,34.03,-9.902,25,30,-1.42765,-0.001037,7.94088727421468,7.839775489626692
2024-08-09 20:23:43.004049,4592,08/09/2024 20:23:36,6.78,3.62,-3.61,25.23,44.0,-0.949472,9e-06,-0.907226,1.2e-05,33.56,-9.91,25,30,-1.42765,-0.001037,7.941005598336665,7.839893813748676
2024-08-09 20:23:54.898973,4593,08/09/2024 20:23:48,6.79,3.62,-3.61,25.1,44.0,-0.949522,8e-06,-0.907278,4e-06,33.56,-9.71,25,30,-1.42765,-0.001037,7.940160426036765,7.839048641448776
2024-08-09 20:24:06.768809,4594,08/09/2024 20:24:00,6.79,3.62,-3.61,25.23,44.0,-0.949558,7e-06,-0.907318,6e-06,33.48,-9.707,25,30,-1.42765,-0.001037,7.939551901980836,7.838440117392847
2024-08-09 20:24:18.638186,4595,08/09/2024 20:24:12,6.78,3.62,-3.61,25.23,44.0,-0.949574,1.2e-05,-0.907339,1.3e-05,33.89,-9.529,25,30,-1.42765,-0.001037,7.939281446844865,7.838169662256877
2024-08-09 20:24:30.503749,4596,08/09/2024 20:24:24,6.79,3.62,-3.61,25.23,44.0,-0.94973,9e-06,-0.907504,6e-06,34.46,-9.081,25,30,-1.42765,-0.001037,7.936644509269175,7.835532724681186
2024-08-09 20:24:42.367760,4597,08/09/2024 20:24:35,6.78,3.62,-3.61,25.23,44.0,-0.949837,9e-06,-0.907597,1.1e-05,34.08,-8.717,25,30,-1.42765,-0.001037,7.934835840547385,7.833724055959396
2024-08-09 20:24:54.265547,4598,08/09/2024 20:24:47,6.78,3.62,-3.61,25.49,44.0,-0.949871,1e-05,-0.907674,6e-06,33.01,-8.409,25,30,-1.42765,-0.001037,7.934261123383453,7.833149338795464
2024-08-09 20:25:06.140370,4599,08/09/2024 20:24:59,6.78,3.62,-3.61,25.1,44.0,-0.949827,9e-06,-0.907606,7e-06,33.68,-8.518,25,30,-1.42765,-0.001037,7.935004875007366,7.8338930904193775
2024-08-09 20:25:18.014775,4600,08/09/2024 20:25:11,6.78,3.62,-3.61,25.49,44.0,-0.949728,8e-06,-0.907511,3e-06,33.81,-8.787,25,30,-1.42765,-0.001037,7.93667831616117,7.835566531573181
2024-08-09 20:25:29.909934,4601,08/09/2024 20:25:23,6.79,3.62,-3.61,25.23,44.0,-0.949612,9e-06,-0.907411,8e-06,34.13,-9.254,25,30,-1.42765,-0.001037,7.938639115896941,7.837527331308952
2024-08-09 20:25:41.778648,4602,08/09/2024 20:25:35,6.78,3.62,-3.61,24.97,44.0,-0.949553,8e-06,-0.90735,3e-06,34.11,-9.509,25,30,-1.42765,-0.001037,7.939636419210825,7.8385246346228366
2024-08-09 20:25:53.650148,4603,08/09/2024 20:25:47,6.8,3.62,-3.61,25.23,44.0,-0.949486,1e-05,-0.907308,5e-06,33.4,-9.637,25,30,-1.42765,-0.001037,7.940768950092692,7.839657165504703
2024-08-09 20:26:05.522295,4604,08/09/2024 20:25:59,6.79,3.62,-3.61,25.23,44.0,-0.949367,6e-06,-0.907196,8e-06,33.71,-10.033,25,30,-1.42765,-0.001037,7.942780460166458,7.841668675578469
2024-08-09 20:26:17.380798,4605,08/09/2024 20:26:10,6.79,3.62,-3.61,25.23,44.0,-0.949356,1e-05,-0.907178,4e-06,34.11,-10.294,25,30,-1.42765,-0.001037,7.9429663980724365,7.841854613484448
2024-08-09 20:26:29.236088,4606,08/09/2024 20:26:22,6.78,3.62,-3.61,25.23,44.0,-0.94927,1.2e-05,-0.907092,4e-06,33.72,-10.571,25,30,-1.42765,-0.001037,7.944420094428266,7.843308309840277
2024-08-09 20:26:41.087488,4607,08/09/2024 20:26:34,6.79,3.62,-3.61,25.23,44.0,-0.949246,6e-06,-0.907072,1.1e-05,33.81,-10.657,25,30,-1.42765,-0.001037,7.944825777132217,7.843713992544228
2024-08-09 20:26:52.956598,4608,08/09/2024 20:26:46,6.79,3.62,-3.61,25.23,44.0,-0.949243,1.6e-05,-0.90706,6e-06,33.81,-10.697,25,30,-1.42765,-0.001037,7.944876487470213,7.843764702882225
2024-08-09 20:27:04.825139,4609,08/09/2024 20:26:58,6.78,3.62,-3.61,25.23,44.0,-0.949273,6e-06,-0.907118,8e-06,33.58,-10.491,25,30,-1.42765,-0.001037,7.944369384090272,7.843257599502283
2024-08-09 20:27:16.695831,4610,08/09/2024 20:27:10,6.78,3.62,-3.61,25.23,44.0,-0.949239,6e-06,-0.907087,2e-06,33.51,-10.512,25,30,-1.42765,-0.001037,7.944944101254204,7.843832316666215
2024-08-09 20:27:28.565287,4611,08/09/2024 20:27:22,6.78,3.62,-3.61,25.23,44.0,-0.949161,1.2e-05,-0.907034,8e-06,33.9,-10.728,25,30,-1.42765,-0.001037,7.946262570042049,7.84515078545406
2024-08-09 20:27:40.452795,4612,08/09/2024 20:27:33,6.78,3.62,-3.61,25.23,44.0,-0.949351,9e-06,-0.907213,7e-06,34.16,-10.301,25,30,-1.42765,-0.001037,7.943050915302426,7.8419391307144375
2024-08-09 20:27:52.349707,4613,08/09/2024 20:27:45,6.78,3.62,-3.61,25.1,44.0,-0.94938,1e-05,-0.907239,6e-06,33.76,-10.228,25,30,-1.42765,-0.001037,7.942560715368484,7.841448930780495
2024-08-09 20:28:04.211798,4614,08/09/2024 20:27:57,6.78,3.62,-3.61,25.23,44.0,-0.949478,9e-06,-0.907318,9e-06,34.07,-9.926,25,30,-1.42765,-0.001037,7.940904177660676,7.839792393072687
2024-08-09 20:28:16.075093,4615,08/09/2024 20:28:09,6.8,3.62,-3.61,25.23,44.0,-0.9494,4e-06,-0.907299,1.5e-05,34.23,-9.897,25,30,-1.42765,-0.001037,7.9422226464485215,7.841110861860533
2024-08-09 20:28:27.941976,4616,08/09/2024 20:28:21,6.79,3.62,-3.61,25.23,44.0,-0.949412,7e-06,-0.907288,3e-06,34.39,-9.966,25,30,-1.42765,-0.001037,7.942019805096545,7.840908020508556
2024-08-09 20:28:39.804679,4617,08/09/2024 20:28:33,6.79,3.62,-3.61,25.23,44.0,-0.949412,4e-06,-0.907305,8e-06,34.02,-9.913,25,30,-1.42765,-0.001037,7.942019805096545,7.840908020508556
2024-08-09 20:28:51.666206,4618,08/09/2024 20:28:45,6.79,3.62,-3.61,25.49,44.0,-0.949343,1.1e-05,-0.907226,6e-06,33.56,-10.198,25,30,-1.42765,-0.001037,7.943186142870409,7.84207435828242
2024-08-09 20:29:03.561845,4619,08/09/2024 20:28:57,6.78,3.62,-3.61,25.36,44.0,-0.949372,1.2e-05,-0.907277,4e-06,33.17,-9.985,25,30,-1.42765,-0.001037,7.942695942936468,7.841584158348479
2024-08-09 20:29:15.424667,4620,08/09/2024 20:29:08,6.78,3.62,-3.61,25.23,44.0,-0.949629,6e-06,-0.907535,1e-05,33.63,-9.072,25,30,-1.42765,-0.001037,7.938351757314977,7.837239972726988
2024-08-09 20:29:27.293050,4621,08/09/2024 20:29:20,6.79,3.62,-3.61,25.23,44.0,-0.949457,1.6e-05,-0.907359,1.3e-05,34.0,-9.582,25,30,-1.42765,-0.001037,7.941259150026636,7.840147365438647
2024-08-09 20:29:39.158237,4622,08/09/2024 20:29:32,6.8,3.62,-3.61,25.23,44.0,-0.949671,4e-06,-0.907639,2.8e-05,33.59,-8.55,25,30,-1.42765,-0.001037,7.937641812583057,7.836530027995068
2024-08-09 20:29:51.027229,4623,08/09/2024 20:29:44,6.78,3.62,-3.61,25.23,44.0,-0.949644,5e-06,-0.907545,6e-06,33.87,-8.906,25,30,-1.42765,-0.001037,7.938098205625004,7.8369864210370155
2024-08-09 20:30:02.894122,4624,08/09/2024 20:29:56,6.78,3.62,-3.61,25.23,44.0,-0.949693,5e-06,-0.907592,7e-06,33.77,-8.803,25,30,-1.42765,-0.001037,7.937269936771101,7.8361581521831125
2024-08-09 20:30:14.751679,4625,08/09/2024 20:30:08,6.78,3.62,-3.61,25.23,44.0,-0.949618,1e-05,-0.907536,6e-06,33.48,-9.019,25,30,-1.42765,-0.001037,7.938537695220954,7.837425910632965
2024-08-09 20:30:26.616285,4626,08/09/2024 20:30:20,6.78,3.62,-3.61,25.23,44.0,-0.949531,1e-05,-0.907439,9e-06,33.81,-9.3,25,30,-1.42765,-0.001037,7.940008295022781,7.838896510434792
2024-08-09 20:30:38.472261,4627,08/09/2024 20:30:32,6.78,3.62,-3.61,25.23,44.0,-0.949636,1.4e-05,-0.907553,1.2e-05,34.21,-9.042,25,30,-1.42765,-0.001037,7.9382334331929885,7.837121648605
2024-08-09 20:30:50.323899,4628,08/09/2024 20:30:43,6.79,3.62,-3.61,25.23,44.0,-0.94983,9e-06,-0.907746,5e-06,34.05,-8.383,25,30,-1.42765,-0.001037,7.9349541646693735,7.833842380081385
2024-08-09 20:31:02.199030,4629,08/09/2024 20:30:55,6.8,3.62,-3.61,25.36,44.0,-0.949928,9e-06,-0.907858,6e-06,33.71,-8.024,25,30,-1.42765,-0.001037,7.933297626961566,7.832185842373577
2024-08-09 20:31:14.069422,4630,08/09/2024 20:31:07,6.79,3.62,-3.61,25.23,44.0,-0.949865,4e-06,-0.907803,8e-06,33.51,-8.218,25,30,-1.42765,-0.001037,7.934362544059442,7.833250759471453
2024-08-09 20:31:25.930420,4631,08/09/2024 20:31:19,6.79,3.62,-3.61,25.23,44.0,-0.949727,8e-06,-0.907679,5e-06,33.77,-8.623,25,30,-1.42765,-0.001037,7.936695219607169,7.83558343501918
2024-08-09 20:31:37.789314,4632,08/09/2024 20:31:31,6.8,3.62,-3.61,25.23,44.0,-0.949908,3.7e-05,-0.90784,4.6e-05,33.81,-8.446,25,30,-1.42765,-0.001037,7.933635695881526,7.832523911293538
2024-08-09 20:31:49.654064,4633,08/09/2024 20:31:43,6.79,3.62,-3.61,25.23,44.0,-0.949677,1.2e-05,-0.907616,2e-06,33.48,-8.723,25,30,-1.42765,-0.001037,7.93754039190707,7.836428607319081
2024-08-09 20:32:01.516514,4634,08/09/2024 20:31:55,6.8,3.62,-3.61,25.23,44.0,-0.949702,8e-06,-0.907671,8e-06,34.15,-8.596,25,30,-1.42765,-0.001037,7.9371178057571194,7.836006021169131
2024-08-09 20:32:13.388540,4635,08/09/2024 20:32:06,6.8,3.62,-3.61,25.23,44.0,-0.949622,1e-05,-0.907608,7e-06,33.71,-8.757,25,30,-1.42765,-0.001037,7.938470081436962,7.837358296848973
2024-08-09 20:32:25.256932,4636,08/09/2024 20:32:18,6.78,3.62,-3.61,25.23,44.0,-0.949716,7e-06,-0.907661,9e-06,33.38,-8.481,25,30,-1.42765,-0.001037,7.936881157513148,7.835769372925159
2024-08-09 20:32:37.112703,4637,08/09/2024 20:32:30,6.79,3.62,-3.61,25.23,44.0,-0.949696,8e-06,-0.90765,4e-06,33.64,-8.482,25,30,-1.42765,-0.001037,7.9372192264331085,7.83610744184512
2024-08-09 20:32:49.012779,4638,08/09/2024 20:32:42,6.78,3.62,-3.61,25.23,44.0,-0.949636,1.5e-05,-0.907642,9e-06,33.79,-8.611,25,30,-1.42765,-0.001037,7.9382334331929885,7.837121648605
2024-08-09 20:33:00.868861,4639,08/09/2024 20:32:54,6.78,3.62,-3.61,25.23,44.0,-0.949678,2.2e-05,-0.907624,1.1e-05,33.76,-8.697,25,30,-1.42765,-0.001037,7.937523488461072,7.836411703873083
2024-08-09 20:33:12.731284,4640,08/09/2024 20:33:06,6.78,3.62,-3.61,25.23,44.0,-0.949757,7e-06,-0.907723,6e-06,33.51,-8.427,25,30,-1.42765,-0.001037,7.936188116227229,7.83507633163924
2024-08-09 20:33:24.585974,4641,08/09/2024 20:33:18,6.79,3.62,-3.61,25.23,44.0,-0.949785,1e-05,-0.907763,8e-06,33.97,-8.301,25,30,-1.42765,-0.001037,7.935714819739284,7.834603035151296
2024-08-09 20:33:36.448273,4642,08/09/2024 20:33:29,6.79,3.62,-3.61,25.23,44.0,-0.949857,1.5e-05,-0.907864,8e-06,34.15,-8.013,25,30,-1.42765,-0.001037,7.934497771627426,7.833385987039438
2024-08-09 20:33:48.316831,4643,08/09/2024 20:33:41,6.78,3.62,-3.61,25.23,44.0,-0.949839,7e-06,-0.907836,8e-06,34.05,-8.097,25,30,-1.42765,-0.001037,7.93480203365539,7.833690249067401
2024-08-09 20:34:00.203709,4644,08/09/2024 20:33:53,6.8,3.62,-3.61,25.36,44.0,-0.949875,1.1e-05,-0.90786,9e-06,33.04,-8.044,25,30,-1.42765,-0.001037,7.934193509599461,7.833081725011472
2024-08-09 20:34:12.066194,4645,08/09/2024 20:34:05,6.79,3.62,-3.61,25.62,44.0,-0.949896,9e-06,-0.907891,9e-06,33.76,-7.853,25,30,-1.42765,-0.001037,7.933838537233503,7.832726752645514
2024-08-09 20:34:23.925415,4646,08/09/2024 20:34:17,6.78,3.62,-3.61,24.97,44.0,-0.950072,1.4e-05,-0.908095,1.1e-05,33.79,-7.2,25,30,-1.42765,-0.001037,7.93086353073785,7.829751746149861
2024-08-09 20:34:35.785051,4647,08/09/2024 20:34:29,6.79,3.62,-3.61,25.23,44.0,-0.950143,7e-06,-0.908129,8e-06,34.36,-6.896,25,30,-1.42765,-0.001037,7.929663386071991,7.828551601484002
2024-08-09 20:34:47.645409,4648,08/09/2024 20:34:41,6.78,3.62,-3.61,25.23,44.0,-0.950112,6e-06,-0.90814,6e-06,33.48,-6.979,25,30,-1.42765,-0.001037,7.93018739289793,7.8290756083099415
2024-08-09 20:34:59.513381,4649,08/09/2024 20:34:53,6.79,3.62,-3.61,25.23,44.0,-0.950096,1.1e-05,-0.908101,3e-06,34.16,-7.104,25,30,-1.42765,-0.001037,7.930457848033897,7.829346063445908
2024-08-09 20:35:11.376875,4650,08/09/2024 20:35:04,6.8,3.62,-3.61,25.36,44.0,-0.950136,5e-06,-0.908143,7e-06,34.16,-7.036,25,30,-1.42765,-0.001037,7.929781710193978,7.828669925605989
2024-08-09 20:35:23.244449,4651,08/09/2024 20:35:16,6.78,3.62,-3.61,25.23,44.0,-0.950098,9e-06,-0.90812,6e-06,34.23,-7.047,25,30,-1.42765,-0.001037,7.930424041141902,7.829312256553913
2024-08-09 20:35:35.107383,4652,08/09/2024 20:35:28,6.78,3.62,-3.61,25.62,44.0,-0.950279,8e-06,-0.908279,6e-06,34.16,-6.497,25,30,-1.42765,-0.001037,7.927364517416261,7.826252732828272
2024-08-09 20:35:46.974183,4653,08/09/2024 20:35:40,6.79,3.62,-3.61,25.23,44.0,-0.949462,9e-06,-0.907507,1.4e-05,34.13,-9.006,25,30,-1.42765,-0.001037,7.941174632796645,7.840062848208656
2024-08-09 20:35:58.848272,4654,08/09/2024 20:35:52,6.8,3.62,-3.61,25.23,44.0,-0.949428,8e-06,-0.907461,7e-06,34.33,-9.308,25,30,-1.42765,-0.001037,7.941749349960577,7.840637565372588
2024-08-09 20:36:10.714390,4655,08/09/2024 20:36:04,6.8,3.62,-3.61,25.23,44.0,-0.949333,8e-06,-0.907371,6e-06,34.41,-9.837,25,30,-1.42765,-0.001037,7.94335517733039,7.842243392742401
2024-08-09 20:36:22.576524,4656,08/09/2024 20:36:16,6.78,3.62,-3.61,25.23,44.0,-0.949282,5e-06,-0.907323,5e-06,34.26,-9.903,25,30,-1.42765,-0.001037,7.94421725307629,7.843105468488301
2024-08-09 20:36:34.439032,4657,08/09/2024 20:36:27,6.79,3.62,-3.61,25.23,44.0,-0.9493,9e-06,-0.907339,3e-06,33.38,-9.859,25,30,-1.42765,-0.001037,7.943912991048324,7.842801206460336
2024-08-09 20:36:46.307380,4658,08/09/2024 20:36:39,6.79,3.62,-3.61,25.62,44.0,-0.94924,5e-06,-0.907294,7e-06,33.69,-10.043,25,30,-1.42765,-0.001037,7.944927197808206,7.843815413220217
2024-08-09 20:36:58.159226,4659,08/09/2024 20:36:51,6.79,3.62,-3.61,25.1,44.0,-0.949215,4e-06,-0.907284,2e-06,34.02,-10.128,25,30,-1.42765,-0.001037,7.945349783958156,7.844237999370168
2024-08-09 20:37:10.027304,4660,08/09/2024 20:37:03,6.78,3.62,-3.61,25.1,44.0,-0.948992,1e-05,-0.907068,5e-06,33.51,-10.885,25,30,-1.42765,-0.001037,7.949119252415717,7.8480074678277285
2024-08-09 20:37:21.882909,4661,08/09/2024 20:37:15,6.78,3.62,-3.61,25.62,44.0,-0.948925,1.1e-05,-0.906982,6e-06,34.11,-11.29,25,30,-1.42765,-0.001037,7.950251783297584,7.849139998709595
2024-08-09 20:37:33.760281,4662,08/09/2024 20:37:27,6.78,3.62,-3.61,25.62,44.0,-0.948943,3e-06,-0.907027,5e-06,33.94,-11.186,25,30,-1.42765,-0.001037,7.94994752126962,7.8488357366816315
2024-08-09 20:37:45.625160,4663,08/09/2024 20:37:39,6.78,3.62,-3.61,25.23,44.0,-0.949549,0.000159,-0.907521,2.2e-05,34.39,-9.3,25,30,-1.42765,-0.001037,7.939704032994817,7.838592248406829
2024-08-09 20:37:57.491400,4664,08/09/2024 20:37:51,6.78,3.62,-3.61,25.23,44.0,-0.950243,5e-06,-0.908343,5e-06,34.13,-6.65,25,30,-1.42765,-0.001037,7.92797304147219,7.826861256884201
2024-08-09 20:38:09.352631,4665,08/09/2024 20:38:02,6.78,3.62,-3.61,25.23,44.0,-0.95012,8e-06,-0.908211,2e-06,33.33,-7.053,25,30,-1.42765,-0.001037,7.930052165329946,7.828940380741957
2024-08-09 20:38:21.203690,4666,08/09/2024 20:38:14,6.78,3.62,-3.61,25.23,44.0,-0.950149,7e-06,-0.908265,5e-06,33.48,-6.88,25,30,-1.42765,-0.001037,7.929561965396002,7.828450180808013
2024-08-09 21:00:43.044954,4669,08/09/2024 21:00:36,6.91,3.62,-3.61,25.23,44.0,-0.950139,7e-06,-0.908697,3e-06,33.5,-6.082,25,30,-1.42765,-0.001037,7.929730999855983,7.828619215267994
2024-08-09 21:00:54.909153,4670,08/09/2024 21:00:48,6.88,3.62,-3.61,25.1,44.0,-0.950161,8e-06,-0.908723,7e-06,34.0,-5.96,25,30,-1.42765,-0.001037,7.9293591240440255,7.828247339456037
2024-08-09 21:01:06.775492,4671,08/09/2024 21:01:00,6.86,3.62,-3.61,25.1,44.0,-0.950218,1.2e-05,-0.908791,6e-06,33.68,-5.807,25,30,-1.42765,-0.001037,7.928395627622138,7.82728384303415
2024-08-09 21:01:18.626936,4672,08/09/2024 21:01:12,6.85,3.62,-3.61,25.1,44.0,-0.950235,9e-06,-0.90882,1.1e-05,34.07,-5.725,25,30,-1.42765,-0.001037,7.928108269040172,7.8269964844521835
2024-08-09 21:01:30.492707,4673,08/09/2024 21:01:24,6.82,3.62,-3.61,25.49,44.0,-0.950283,5e-06,-0.908858,3e-06,33.84,-5.516,25,30,-1.42765,-0.001037,7.927296903632269,7.82618511904428
2024-08-09 21:01:42.353695,4674,08/09/2024 21:01:35,6.82,3.62,-3.61,25.1,44.0,-0.950285,8e-06,-0.908876,8e-06,32.98,-5.322,25,30,-1.42765,-0.001037,7.92726309674027,7.826151312152281
2024-08-09 21:01:54.216558,4675,08/09/2024 21:01:47,6.82,3.62,-3.61,25.1,44.0,-0.950338,1.3e-05,-0.908918,1e-05,33.76,-5.215,25,30,-1.42765,-0.001037,7.926367214102377,7.825255429514388
2024-08-09 21:02:06.080485,4676,08/09/2024 21:01:59,6.8,3.62,-3.61,25.23,44.0,-0.949689,8e-06,-0.908276,5e-06,34.31,-7.291,25,30,-1.42765,-0.001037,7.937337550555093,7.836225765967105
2024-08-09 21:02:17.940105,4677,08/09/2024 21:02:11,6.8,3.62,-3.61,25.1,44.0,-0.949738,1e-05,-0.908333,5e-06,33.82,-7.224,25,30,-1.42765,-0.001037,7.93650928170119,7.835397497113202
2024-08-09 21:02:29.828995,4678,08/09/2024 21:02:23,6.8,3.62,-3.61,25.1,44.0,-0.949788,1e-05,-0.908384,8e-06,34.26,-7.125,25,30,-1.42765,-0.001037,7.93566410940129,7.834552324813301
2024-08-09 21:02:41.701929,4679,08/09/2024 21:02:35,6.81,3.62,-3.61,25.23,44.0,-0.94982,7e-06,-0.908434,3e-06,33.48,-7.096,25,30,-1.42765,-0.001037,7.935123199129353,7.834011414541364
2024-08-09 21:02:53.567224,4680,08/09/2024 21:02:47,6.79,3.62,-3.61,25.49,44.0,-0.949711,7e-06,-0.908314,8e-06,33.77,-7.356,25,30,-1.42765,-0.001037,7.936965674743138,7.835853890155149
2024-08-09 21:03:05.437766,4681,08/09/2024 21:02:58,6.79,3.62,-3.61,24.97,44.0,-0.949638,9e-06,-0.908252,8e-06,33.98,-7.635,25,30,-1.42765,-0.001037,7.938199626300993,7.8370878417130045
2024-08-09 21:03:17.299082,4682,08/09/2024 21:03:10,6.79,3.62,-3.61,25.23,44.0,-0.949612,8e-06,-0.90823,3e-06,33.74,-7.829,25,30,-1.42765,-0.001037,7.938639115896941,7.837527331308952
2024-08-09 21:03:29.201574,4683,08/09/2024 21:03:22,6.78,3.62,-3.61,25.1,44.0,-0.949411,4e-06,-0.90808,9e-06,34.47,-8.344,25,30,-1.42765,-0.001037,7.9420367085425445,7.840924923954556
2024-08-09 21:03:41.059691,4684,08/09/2024 21:03:34,6.8,3.62,-3.61,25.23,44.0,-0.949294,7e-06,-0.907939,4e-06,34.39,-8.856,25,30,-1.42765,-0.001037,7.944014411724313,7.842902627136325
2024-08-09 21:03:52.930922,4685,08/09/2024 21:03:46,6.79,3.62,-3.61,25.23,44.0,-0.949138,6e-06,-0.907781,4e-06,34.31,-9.363,25,30,-1.42765,-0.001037,7.946651349300004,7.845539564712015
2024-08-09 21:04:04.828945,4686,08/09/2024 21:03:58,6.79,3.62,-3.61,24.97,44.0,-0.94909,6e-06,-0.907741,5e-06,33.68,-9.574,25,30,-1.42765,-0.001037,7.9474627147079095,7.846350930119921
2024-08-09 21:04:16.691592,4687,08/09/2024 21:04:10,6.78,3.62,-3.61,25.23,44.0,-0.949141,1.1e-05,-0.907799,5e-06,33.63,-9.559,25,30,-1.42765,-0.001037,7.946600638962011,7.845488854374023
2024-08-09 21:04:28.560296,4688,08/09/2024 21:04:22,6.78,3.62,-3.61,25.36,44.0,-0.949259,8e-06,-0.907923,1.2e-05,34.26,-9.175,25,30,-1.42765,-0.001037,7.944606032334245,7.843494247746256
2024-08-09 21:04:40.424088,4689,08/09/2024 21:04:33,6.78,3.62,-3.61,25.49,44.0,-0.949245,1e-05,-0.907922,7e-06,34.03,-9.261,25,30,-1.42765,-0.001037,7.944842680578216,7.843730895990228
2024-08-09 21:04:52.283030,4690,08/09/2024 21:04:45,6.78,3.62,-3.61,25.36,44.0,-0.949213,8e-06,-0.907899,8e-06,33.41,-9.323,25,30,-1.42765,-0.001037,7.945383590850153,7.844271806262165
2024-08-09 21:05:04.158392,4691,08/09/2024 21:04:57,6.78,3.62,-3.61,25.23,44.0,-0.949206,1e-05,-0.907905,5e-06,33.76,-9.351,25,30,-1.42765,-0.001037,7.94550191497214,7.844390130384151
2024-08-09 21:05:16.031479,4692,08/09/2024 21:05:09,6.79,3.62,-3.61,25.23,44.0,-0.949207,6e-06,-0.907915,1e-05,33.69,-9.356,25,30,-1.42765,-0.001037,7.945485011526141,7.844373226938152
2024-08-09 21:05:27.921641,4693,08/09/2024 21:05:21,6.78,3.62,-3.61,25.23,44.0,-0.949179,1.1e-05,-0.907889,9e-06,33.94,-9.322,25,30,-1.42765,-0.001037,7.945958308014085,7.844846523426097
2024-08-09 21:05:39.772974,4694,08/09/2024 21:05:33,6.8,3.62,-3.61,25.23,44.0,-0.949195,8e-06,-0.907895,3e-06,34.02,-9.292,25,30,-1.42765,-0.001037,7.945687852878117,7.844576068290128
2024-08-09 21:05:51.636653,4695,08/09/2024 21:05:45,6.78,3.62,-3.61,24.97,44.0,-0.949211,7e-06,-0.907927,9e-06,33.98,-9.199,25,30,-1.42765,-0.001037,7.9454173977421485,7.84430561315416
2024-08-09 21:06:03.504636,4696,08/09/2024 21:05:57,6.78,3.62,-3.61,25.23,44.0,-0.949185,7e-06,-0.907908,5e-06,33.81,-9.224,25,30,-1.42765,-0.001037,7.945856887338098,7.844745102750109
2024-08-09 21:06:15.394083,4697,08/09/2024 21:06:08,6.78,3.62,-3.61,25.23,44.0,-0.949072,7e-06,-0.907825,1e-05,33.51,-9.655,25,30,-1.42765,-0.001037,7.947766976735875,7.846655192147886
2024-08-09 21:06:27.266171,4698,08/09/2024 21:06:20,6.78,3.62,-3.61,25.23,44.0,-0.94901,1.1e-05,-0.907757,8e-06,33.69,-9.877,25,30,-1.42765,-0.001037,7.948814990387752,7.847703205799763
2024-08-09 21:06:39.127135,4699,08/09/2024 21:06:32,6.78,3.62,-3.61,25.23,44.0,-0.950125,6e-06,-0.908869,5e-06,33.24,-6.276,25,30,-1.42765,-0.001037,7.929967648099955,7.828855863511966
2024-08-09 21:06:51.000091,4700,08/09/2024 21:06:44,6.79,3.62,-3.61,25.23,44.0,-0.948952,8e-06,-0.907696,1.1e-05,33.79,-9.757,25,30,-1.42765,-0.001037,7.949795390255637,7.848683605667648
2024-08-09 21:07:02.894996,4701,08/09/2024 21:06:56,6.78,3.62,-3.61,25.23,44.0,-0.949109,6e-06,-0.907868,4e-06,32.8,-9.316,25,30,-1.42765,-0.001037,7.947141549233948,7.84602976464596
2024-08-09 21:07:14.751117,4702,08/09/2024 21:07:08,6.78,3.62,-3.61,25.23,44.0,-0.949127,8e-06,-0.907908,9e-06,33.54,-9.17,25,30,-1.42765,-0.001037,7.946837287205983,7.845725502617994
2024-08-09 21:07:26.624227,4703,08/09/2024 21:07:20,6.78,3.62,-3.61,25.1,44.0,-0.949101,8e-06,-0.907862,6e-06,34.21,-9.438,25,30,-1.42765,-0.001037,7.947276776801933,7.846164992213944
2024-08-09 21:07:38.473991,4704,08/09/2024 21:07:31,6.77,3.62,-3.61,24.97,44.0,-0.949163,5e-06,-0.90794,6e-06,33.79,-9.303,25,30,-1.42765,-0.001037,7.946228763150054,7.845116978562065
2024-08-09 21:07:50.346175,4705,08/09/2024 21:07:43,6.79,3.62,-3.61,25.36,44.0,-0.949145,8e-06,-0.907935,5e-06,33.66,-9.283,25,30,-1.42765,-0.001037,7.946533025178019,7.8454212405900305
2024-08-09 21:08:02.220560,4706,08/09/2024 21:07:55,6.77,3.62,-3.61,25.49,44.0,-0.949037,1e-05,-0.907815,6e-06,34.54,-9.683,25,30,-1.42765,-0.001037,7.948358597345805,7.847246812757816
2024-08-09 21:08:14.093968,4707,08/09/2024 21:08:07,6.78,3.62,-3.61,25.23,44.0,-0.948959,1.3e-05,-0.907771,7e-06,33.72,-9.881,25,30,-1.42765,-0.001037,7.949677066133652,7.848565281545663
2024-08-09 21:08:25.982724,4708,08/09/2024 21:08:19,6.78,3.62,-3.61,25.23,44.0,-0.948962,1e-05,-0.907779,2e-06,34.29,-9.927,25,30,-1.42765,-0.001037,7.949626355795657,7.8485145712076685
2024-08-09 21:08:37.847291,4709,08/09/2024 21:08:31,6.77,3.62,-3.61,25.1,44.0,-0.949111,9e-06,-0.907877,1.3e-05,33.41,-9.769,25,30,-1.42765,-0.001037,7.947107742341951,7.845995957753963
2024-08-09 21:08:49.718989,4710,08/09/2024 21:08:43,6.78,3.62,-3.61,25.23,44.0,-0.94893,9e-06,-0.907731,1.1e-05,33.82,-10.104,25,30,-1.42765,-0.001037,7.950167266067592,7.849055481479604
2024-08-09 21:09:01.593725,4711,08/09/2024 21:08:55,6.79,3.62,-3.61,25.36,44.0,-0.948899,6e-06,-0.907722,5e-06,33.79,-10.214,25,30,-1.42765,-0.001037,7.950691272893532,7.849579488305543
2024-08-09 21:09:13.469510,4712,08/09/2024 21:09:06,6.78,3.62,-3.61,25.23,44.0,-0.948808,7e-06,-0.907647,6e-06,33.87,-10.435,25,30,-1.42765,-0.001037,7.952229486479353,7.851117701891364
2024-08-09 21:09:25.344667,4713,08/09/2024 21:09:18,6.78,3.62,-3.61,25.23,44.0,-0.948828,9e-06,-0.907654,1e-05,34.15,-10.466,25,30,-1.42765,-0.001037,7.951891417559392,7.8507796329714035
2024-08-09 21:09:37.218861,4714,08/09/2024 21:09:30,6.77,3.62,-3.61,25.23,44.0,-0.948765,1e-05,-0.907575,1.7e-05,33.07,-10.832,25,30,-1.42765,-0.001037,7.9529563346572685,7.85184455006928
2024-08-09 21:09:49.074653,4715,08/09/2024 21:09:42,6.77,3.62,-3.61,25.23,44.0,-0.948888,8e-06,-0.907733,9e-06,34.21,-10.281,25,30,-1.42765,-0.001037,7.950877210799512,7.8497654262115235
2024-08-09 21:10:00.950767,4716,08/09/2024 21:09:54,6.77,3.62,-3.61,25.23,44.0,-0.948882,3e-06,-0.907743,8e-06,33.89,-10.086,25,30,-1.42765,-0.001037,7.9509786314754995,7.849866846887511
2024-08-09 21:10:12.826526,4717,08/09/2024 21:10:06,6.78,3.62,-3.61,25.49,44.0,-0.948926,8e-06,-0.907786,4e-06,33.84,-9.966,25,30,-1.42765,-0.001037,7.9502348798515845,7.849123095263596
2024-08-09 21:10:24.689059,4718,08/09/2024 21:10:18,6.78,3.62,-3.61,25.23,44.0,-0.948863,8e-06,-0.907743,1.1e-05,33.87,-10.293,25,30,-1.42765,-0.001037,7.951299796949461,7.850188012361472
2024-08-09 21:10:36.561956,4719,08/09/2024 21:10:30,6.78,3.62,-3.61,24.97,44.0,-0.948833,6e-06,-0.9077,7e-06,34.15,-10.307,25,30,-1.42765,-0.001037,7.951806900329401,7.850695115741412
2024-08-09 21:10:48.423701,4720,08/09/2024 21:10:41,6.77,3.62,-3.61,25.23,44.0,-0.948978,1.1e-05,-0.907868,8e-06,33.64,-9.922,25,30,-1.42765,-0.001037,7.949355900659689,7.8482441160717
2024-08-09 21:11:00.281294,4721,08/09/2024 21:10:53,6.78,3.62,-3.61,25.23,44.0,-0.949054,7e-06,-0.90794,9e-06,34.1,-9.577,25,30,-1.42765,-0.001037,7.94807123876384,7.846959454175852
2024-08-09 21:11:12.143915,4722,08/09/2024 21:11:05,6.78,3.62,-3.61,25.23,44.0,-0.948985,7e-06,-0.907882,7e-06,34.28,-9.715,25,30,-1.42765,-0.001037,7.949237576537704,7.848125791949715
2024-08-09 21:11:24.012701,4723,08/09/2024 21:11:17,6.77,3.62,-3.61,25.23,44.0,-0.94892,8e-06,-0.907842,9e-06,34.24,-9.942,25,30,-1.42765,-0.001037,7.950336300527574,7.849224515939585
2024-08-09 21:11:35.864411,4724,08/09/2024 21:11:29,6.78,3.62,-3.61,25.23,44.0,-0.948988,6e-06,-0.907896,6e-06,34.21,-9.668,25,30,-1.42765,-0.001037,7.949186866199708,7.848075081611719
2024-08-09 21:11:47.737180,4725,08/09/2024 21:11:41,6.78,3.62,-3.61,25.23,44.0,-0.949855,3.3e-05,-0.908827,2.3e-05,33.58,-6.509,25,30,-1.42765,-0.001037,7.9345315785194215,7.833419793931433
2024-08-09 21:11:59.610358,4726,08/09/2024 21:11:53,6.77,3.62,-3.61,24.84,44.0,-0.949146,8e-06,-0.908078,1e-05,34.1,-8.922,25,30,-1.42765,-0.001037,7.94651612173202,7.845404337144031
2024-08-09 21:12:11.473860,4727,08/09/2024 21:12:04,6.77,3.62,-3.61,25.49,44.0,-0.949322,9e-06,-0.908268,7e-06,33.59,-8.546,25,30,-1.42765,-0.001037,7.943541115236369,7.84242933064838
2024-08-09 21:12:23.344576,4728,08/09/2024 21:12:16,6.78,3.62,-3.61,25.62,44.0,-0.949242,7e-06,-0.908166,5e-06,33.4,-8.893,25,30,-1.42765,-0.001037,7.944893390916209,7.84378160632822
2024-08-09 21:12:35.202173,4729,08/09/2024 21:12:28,6.78,3.62,-3.61,25.36,44.0,-0.94933,9e-06,-0.908254,3e-06,33.22,-8.545,25,30,-1.42765,-0.001037,7.943405887668384,7.842294103080396
2024-08-09 21:12:47.065064,4730,08/09/2024 21:12:40,6.79,3.62,-3.61,25.23,44.0,-0.949367,8e-06,-0.908314,5e-06,33.84,-8.362,25,30,-1.42765,-0.001037,7.942780460166458,7.841668675578469
2024-08-09 21:12:58.966636,4731,08/09/2024 21:12:52,6.79,3.62,-3.61,25.36,44.0,-0.949404,7e-06,-0.908359,1.3e-05,33.71,-8.247,25,30,-1.42765,-0.001037,7.942155032664529,7.841043248076541
2024-08-09 21:13:10.826914,4732,08/09/2024 21:13:04,6.78,3.62,-3.61,25.23,44.0,-0.94946,8e-06,-0.908412,1e-06,34.21,-8.121,25,30,-1.42765,-0.001037,7.9412084396886415,7.840096655100653
2024-08-09 21:13:22.702065,4733,08/09/2024 21:13:16,6.79,3.62,-3.61,25.23,44.0,-0.949506,6e-06,-0.908476,4e-06,34.38,-7.927,25,30,-1.42765,-0.001037,7.940430881172733,7.839319096584744
2024-08-09 21:13:34.576561,4734,08/09/2024 21:13:28,6.78,3.62,-3.61,25.23,44.0,-0.94954,8e-06,-0.908502,5e-06,33.61,-7.774,25,30,-1.42765,-0.001037,7.939856164008799,7.8387443794208105
2024-08-09 21:13:46.437041,4735,08/09/2024 21:13:39,6.78,3.62,-3.61,25.49,44.0,-0.949736,4.2e-05,-0.908643,8e-06,34.52,-7.344,25,30,-1.42765,-0.001037,7.936543088593186,7.835431304005197
2024-08-09 21:13:58.297285,4736,08/09/2024 21:13:51,6.78,3.62,-3.61,24.97,44.0,-0.949596,6e-06,-0.908566,3e-06,33.38,-7.65,25,30,-1.42765,-0.001037,7.93890957103291,7.837797786444921
2024-08-09 21:14:10.171457,4737,08/09/2024 21:14:03,6.78,3.62,-3.61,25.23,44.0,-0.949586,7e-06,-0.908574,5e-06,33.38,-7.59,25,30,-1.42765,-0.001037,7.939078605492889,7.8379668209049
2024-08-09 21:14:22.026085,4738,08/09/2024 21:14:15,6.78,3.62,-3.61,25.23,44.0,-0.949564,7e-06,-0.908565,3e-06,33.58,-7.567,25,30,-1.42765,-0.001037,7.9394504813048465,7.838338696716858
2024-08-09 21:14:33.891996,4739,08/09/2024 21:14:27,6.78,3.62,-3.61,24.97,44.0,-0.949631,1.1e-05,-0.908636,5e-06,34.11,-7.341,25,30,-1.42765,-0.001037,7.93831795042298,7.837206165834991
2024-08-09 21:14:45.765089,4740,08/09/2024 21:14:39,6.78,3.62,-3.61,25.36,44.0,-0.949663,7e-06,-0.908661,9e-06,33.51,-7.191,25,30,-1.42765,-0.001037,7.937777040151041,7.8366652555630525
2024-08-09 21:14:57.639223,4741,08/09/2024 21:14:51,6.78,3.62,-3.61,25.23,44.0,-0.950151,9e-06,-0.909155,7e-06,33.56,-5.635,25,30,-1.42765,-0.001037,7.929528158504007,7.828416373916018
2024-08-09 21:15:09.534953,4742,08/09/2024 21:15:03,6.78,3.62,-3.61,25.23,44.0,-0.949665,7e-06,-0.908676,6e-06,33.09,-7.08,25,30,-1.42765,-0.001037,7.937743233259046,7.836631448671057
2024-08-09 21:15:21.376856,4743,08/09/2024 21:15:14,6.78,3.62,-3.61,25.49,44.0,-0.949749,1.8e-05,-0.908739,5e-06,33.77,-6.832,25,30,-1.42765,-0.001037,7.936323343795213,7.835211559207225
2024-08-09 21:15:33.239826,4744,08/09/2024 21:15:26,6.79,3.62,-3.61,25.36,44.0,-0.949731,9e-06,-0.908757,7e-06,33.48,-6.969,25,30,-1.42765,-0.001037,7.936627605823177,7.835515821235188
2024-08-09 21:15:45.106026,4745,08/09/2024 21:15:38,6.79,3.62,-3.61,25.23,44.0,-0.949725,7e-06,-0.908757,5e-06,33.71,-6.939,25,30,-1.42765,-0.001037,7.936729026499164,7.835617241911176
2024-08-09 21:15:56.965020,4746,08/09/2024 21:15:50,6.79,3.62,-3.61,25.23,44.0,-0.949691,8e-06,-0.908725,1e-05,33.77,-7.029,25,30,-1.42765,-0.001037,7.937303743663098,7.8361919590751095
2024-08-09 21:16:08.826347,4747,08/09/2024 21:16:02,6.77,3.62,-3.61,25.23,44.0,-0.950099,7e-06,-0.909142,3e-06,33.46,-5.654,25,30,-1.42765,-0.001037,7.930407137695904,7.8292953531079155
2024-08-09 21:16:20.702171,4748,08/09/2024 21:16:14,6.77,3.62,-3.61,25.23,44.0,-0.949594,7e-06,-0.908644,7e-06,34.41,-7.314,25,30,-1.42765,-0.001037,7.938943377924905,7.837831593336916
2024-08-09 21:16:32.575603,4749,08/09/2024 21:16:26,6.78,3.62,-3.61,25.49,44.0,-0.94958,9e-06,-0.908658,5e-06,33.07,-7.24,25,30,-1.42765,-0.001037,7.939180026168878,7.838068241580889
2024-08-09 21:16:44.450455,4750,08/09/2024 21:16:37,6.77,3.62,-3.61,25.23,44.0,-0.949595,5e-06,-0.908663,5e-06,33.58,-7.249,25,30,-1.42765,-0.001037,7.938926474478909,7.83781468989092
2024-08-09 21:16:56.310716,4751,08/09/2024 21:16:49,6.78,3.62,-3.61,25.23,44.0,-0.949579,1.7e-05,-0.908647,4e-06,33.95,-7.229,25,30,-1.42765,-0.001037,7.939196929614877,7.838085145026889
2024-08-09 21:17:08.173736,4752,08/09/2024 21:17:01,6.78,3.62,-3.61,25.36,44.0,-0.949678,8e-06,-0.90874,8e-06,33.5,-7.031,25,30,-1.42765,-0.001037,7.937523488461072,7.836411703873083
2024-08-09 21:17:20.044931,4753,08/09/2024 21:17:13,6.78,3.62,-3.61,25.23,44.0,-0.949676,1.1e-05,-0.908751,6e-06,33.35,-7.026,25,30,-1.42765,-0.001037,7.937557295353069,7.83644551076508
2024-08-09 21:17:31.908993,4754,08/09/2024 21:17:25,6.79,3.62,-3.61,25.36,44.0,-0.94967,9e-06,-0.908763,8e-06,33.54,-7.059,25,30,-1.42765,-0.001037,7.937658716029056,7.836546931441068
2024-08-09 21:17:43.781679,4755,08/09/2024 21:17:37,6.79,3.62,-3.61,25.36,44.0,-0.949594,5e-06,-0.908687,9e-06,33.4,-7.225,25,30,-1.42765,-0.001037,7.938943377924905,7.837831593336916
2024-08-09 21:17:55.652756,4756,08/09/2024 21:17:49,6.8,3.62,-3.61,25.23,44.0,-0.949594,9e-06,-0.908687,3e-06,33.92,-7.219,25,30,-1.42765,-0.001037,7.938943377924905,7.837831593336916
2024-08-09 21:18:07.547899,4757,08/09/2024 21:18:01,6.79,3.62,-3.61,25.36,44.0,-0.949636,8e-06,-0.90874,4e-06,33.06,-7.168,25,30,-1.42765,-0.001037,7.9382334331929885,7.837121648605
2024-08-09 21:18:19.422487,4758,08/09/2024 21:18:12,6.78,3.62,-3.61,25.23,44.0,-0.949626,1e-05,-0.908745,9e-06,34.02,-7.249,25,30,-1.42765,-0.001037,7.93840246765297,7.837290683064981
2024-08-09 21:18:31.297170,4759,08/09/2024 21:18:24,6.78,3.62,-3.61,24.97,44.0,-0.949652,5e-06,-0.908772,7e-06,33.37,-7.233,25,30,-1.42765,-0.001037,7.93796297805702,7.836851193469031
2024-08-09 21:18:43.142431,4760,08/09/2024 21:18:36,6.78,3.62,-3.61,25.23,44.0,-0.949731,4e-06,-0.908851,8e-06,34.23,-6.963,25,30,-1.42765,-0.001037,7.936627605823177,7.835515821235188
2024-08-09 21:18:55.019474,4761,08/09/2024 21:18:48,6.79,3.62,-3.61,25.36,44.0,-0.949692,1.3e-05,-0.908826,7e-06,33.68,-7.062,25,30,-1.42765,-0.001037,7.937286840217101,7.836175055629112
2024-08-09 21:19:06.872711,4762,08/09/2024 21:19:00,6.78,3.62,-3.61,25.23,44.0,-0.949702,9e-06,-0.908835,4e-06,33.45,-7.017,25,30,-1.42765,-0.001037,7.9371178057571194,7.836006021169131
2024-08-09 21:19:18.736064,4763,08/09/2024 21:19:12,6.78,3.62,-3.61,25.1,44.0,-0.949776,8e-06,-0.908912,4e-06,33.81,-6.885,25,30,-1.42765,-0.001037,7.935866950753266,7.8347551661652775
2024-08-09 21:19:30.596212,4764,08/09/2024 21:19:24,6.79,3.62,-3.61,25.23,44.0,-0.949785,6e-06,-0.908931,7e-06,34.15,-6.81,25,30,-1.42765,-0.001037,7.935714819739284,7.834603035151296
2024-08-09 21:19:42.453433,4765,08/09/2024 21:19:35,6.78,3.62,-3.61,25.23,44.0,-0.949756,1e-05,-0.908924,7e-06,33.71,-6.725,25,30,-1.42765,-0.001037,7.936205019673225,7.835093235085236
2024-08-09 21:19:54.311757,4766,08/09/2024 21:19:47,6.78,3.62,-3.61,24.97,44.0,-0.949921,1.3e-05,-0.909065,1.4e-05,33.69,-6.409,25,30,-1.42765,-0.001037,7.9334159510835525,7.832304166495564
2024-08-09 21:20:06.171189,4767,08/09/2024 21:19:59,6.79,3.62,-3.61,25.23,44.0,-0.949832,1.6e-05,-0.909011,1e-05,33.24,-6.393,25,30,-1.42765,-0.001037,7.934920357777377,7.833808573189388
2024-08-09 21:20:18.031460,4768,08/09/2024 21:20:11,6.8,3.62,-3.61,25.36,44.0,-0.950012,1e-05,-0.909222,6e-06,33.94,-5.736,25,30,-1.42765,-0.001037,7.931877737497733,7.830765952909744
2024-08-09 21:20:29.892770,4769,08/09/2024 21:20:23,6.78,3.62,-3.61,25.23,44.0,-0.949847,9e-06,-0.909034,4e-06,33.59,-6.286,25,30,-1.42765,-0.001037,7.934666806087406,7.833555021499417
2024-08-09 21:20:41.751695,4770,08/09/2024 21:20:35,6.79,3.62,-3.61,25.36,44.0,-0.950203,2e-05,-0.909314,1.7e-05,33.9,-5.429,25,30,-1.42765,-0.001037,7.928649179312109,7.8275373947241205
2024-08-09 21:20:53.619227,4771,08/09/2024 21:20:47,6.78,3.62,-3.61,25.49,44.0,-0.950239,7e-06,-0.909447,5e-06,33.51,-4.799,25,30,-1.42765,-0.001037,7.928040655256182,7.826928870668193
2024-08-09 21:21:05.493340,4772,08/09/2024 21:20:58,6.78,3.62,-3.61,25.23,44.0,-0.950248,9e-06,-0.90944,7e-06,33.92,-4.761,25,30,-1.42765,-0.001037,7.927888524242198,7.82677673965421
2024-08-09 21:21:32.972021,4773,08/09/2024 21:21:26,6.79,3.62,-3.61,25.49,44.0,-0.950284,5e-06,-0.909486,7e-06,33.06,-4.811,25,30,-1.42765,-0.001037,7.927280000186269,7.826168215598281
2024-08-09 21:22:25.542432,4774,08/09/2024 21:22:19,6.78,3.62,-3.61,25.49,45.0,-0.950226,6e-06,-0.909464,6e-06,33.61,-4.715,25,30,-1.42765,-0.001037,7.928260400054154,7.827148615466165
2024-08-09 21:52:27.419639,4775,08/09/2024 21:52:20,6.9,3.62,-3.61,24.97,45.0,-0.950738,8e-06,-0.910923,1e-05,33.64,-1.844,25,30,-1.42765,-0.001037,7.919605835703167,7.818494051115178
2024-08-09 22:22:29.292244,4776,08/09/2024 22:22:22,6.9,3.62,-3.61,24.97,45.0,-0.950501,8e-06,-0.911307,9e-06,33.35,-1.766,25,30,-1.42765,-0.001037,7.9236119524046975,7.822500167816709
2024-08-09 22:52:31.182606,4777,08/09/2024 22:52:24,6.9,3.62,-3.61,24.2,45.0,-0.950398,9e-06,-0.911827,5e-06,33.3,-1.349,25,30,-1.42765,-0.001037,7.925353007342495,7.824241222754506
2024-08-09 23:22:33.056977,4778,08/09/2024 23:22:26,6.89,3.62,-3.61,24.2,45.0,-0.950203,9e-06,-0.912187,8e-06,33.63,-0.903,25,30,-1.42765,-0.001037,7.928649179312109,7.8275373947241205
2024-08-09 23:52:34.918016,4779,08/09/2024 23:52:28,6.89,3.62,-3.61,24.07,45.0,-0.950066,7e-06,-0.912664,5e-06,33.71,-0.749,25,30,-1.42765,-0.001037,7.930964951413839,7.82985316682585
2024-08-10 00:22:36.814594,4780,08/10/2024 00:22:30,6.88,3.62,-3.61,23.94,45.0,-0.949797,8e-06,-0.912927,8e-06,34.0,-0.732,25,30,-1.42765,-0.001037,7.935511978387308,7.834400193799319
2024-08-10 00:52:38.711791,4781,08/10/2024 00:52:32,6.88,3.62,-3.61,23.68,45.0,-0.94961,6e-06,-0.913192,1.1e-05,33.92,-0.718,25,30,-1.42765,-0.001037,7.938672922788938,7.837561138200949
2024-08-10 01:22:40.579123,4782,08/10/2024 01:22:33,6.88,3.62,-3.61,23.43,45.0,-0.949406,8e-06,-0.913384,6e-06,33.92,-0.713,25,30,-1.42765,-0.001037,7.942121225772534,7.8410094411845455
2024-08-10 01:52:42.441764,4783,08/10/2024 01:52:35,6.9,3.62,-3.61,23.68,45.0,-0.949244,9e-06,-0.913604,5e-06,33.9,-0.71,25,30,-1.42765,-0.001037,7.944859584024214,7.843747799436225
2024-08-10 02:22:44.303688,4784,08/10/2024 02:22:37,6.89,3.62,-3.61,23.43,45.0,-0.948987,1.1e-05,-0.913653,6e-06,33.81,-0.71,25,30,-1.42765,-0.001037,7.949203769645707,7.848091985057718
2024-08-10 02:52:46.172425,4785,08/10/2024 02:52:39,6.88,3.62,-3.61,23.04,45.0,-0.948809,8e-06,-0.913749,5e-06,33.38,-0.684,25,30,-1.42765,-0.001037,7.952212583033355,7.8511007984453665
2024-08-10 03:22:48.042495,4786,08/10/2024 03:22:41,6.9,3.62,-3.61,23.43,45.0,-0.948598,8e-06,-0.913822,7e-06,33.09,-0.692,25,30,-1.42765,-0.001037,7.955779210138936,7.854667425550947
2024-08-10 03:52:49.912366,4787,08/10/2024 03:52:43,6.88,3.62,-3.61,23.43,45.0,-0.948443,8e-06,-0.913918,4e-06,33.46,-0.694,25,30,-1.42765,-0.001037,7.958399244268631,7.857287459680642
2024-08-10 04:22:51.768567,4788,08/10/2024 04:22:45,6.87,3.62,-3.61,23.17,45.0,-0.948367,8e-06,-0.914081,8e-06,33.5,-0.691,25,30,-1.42765,-0.001037,7.959683906164481,7.8585721215764925
2024-08-10 04:52:53.621971,4789,08/10/2024 04:52:46,6.88,3.62,-3.61,22.91,45.0,-0.948215,9e-06,-0.914139,4e-06,33.46,-0.687,25,30,-1.42765,-0.001037,7.96225322995618,7.861141445368191
2024-08-10 05:22:55.522744,4790,08/10/2024 05:22:48,6.87,3.62,-3.61,23.17,45.0,-0.948106,7e-06,-0.914229,7e-06,33.19,-0.684,25,30,-1.42765,-0.001037,7.964095705569966,7.862983920981978
2024-08-10 05:52:57.391886,4791,08/10/2024 05:52:50,6.87,3.62,-3.61,23.17,45.0,-0.947974,6e-06,-0.914281,5e-06,34.13,-0.681,25,30,-1.42765,-0.001037,7.966326960441704,7.865215175853716
2024-08-10 06:22:59.261549,4792,08/10/2024 06:22:52,6.86,3.62,-3.61,23.17,45.0,-0.947866,8e-06,-0.91437,3e-06,33.81,-0.67,25,30,-1.42765,-0.001037,7.9681525326094915,7.867040748021503
2024-08-10 06:53:01.139335,4793,08/10/2024 06:52:54,6.86,3.62,-3.61,23.17,45.0,-0.947776,5e-06,-0.914448,3e-06,33.48,-0.675,25,30,-1.42765,-0.001037,7.969673842749315,7.868562058161326
2024-08-10 07:23:02.995092,4794,08/10/2024 07:22:56,6.87,3.62,-3.61,23.04,45.0,-0.947714,3e-06,-0.914546,4e-06,33.51,-0.672,25,30,-1.42765,-0.001037,7.970721856401192,7.869610071813203
2024-08-10 07:53:04.853292,4795,08/10/2024 07:52:57,6.87,3.62,-3.61,22.91,45.0,-0.947672,7e-06,-0.914639,6e-06,33.4,-0.668,25,30,-1.42765,-0.001037,7.971431801133108,7.8703200165451195
2024-08-10 08:23:06.721096,4796,08/10/2024 08:22:59,6.89,3.62,-3.61,23.04,45.0,-0.947602,8e-06,-0.914725,4e-06,33.2,-0.67,25,30,-1.42765,-0.001037,7.972615042352969,7.871503257764981
2024-08-10 08:53:08.584304,4797,08/10/2024 08:53:01,6.86,3.62,-3.61,23.17,45.0,-0.947618,5e-06,-0.914912,1.2e-05,33.41,-0.661,25,30,-1.42765,-0.001037,7.972344587217003,7.871232802629014
2024-08-10 09:23:10.450413,4798,08/10/2024 09:23:03,6.86,3.62,-3.61,22.91,45.0,-0.94762,9e-06,-0.91505,5e-06,34.0,-0.661,25,30,-1.42765,-0.001037,7.972310780325006,7.871198995737017
2024-08-10 09:53:12.320372,4799,08/10/2024 09:53:05,6.86,3.62,-3.61,23.04,45.0,-0.947559,9e-06,-0.915175,5e-06,34.08,-0.667,25,30,-1.42765,-0.001037,7.973341890530883,7.8722301059428945
2024-08-10 10:23:14.210572,4800,08/10/2024 10:23:07,6.86,3.62,-3.61,22.91,45.0,-0.94756,7e-06,-0.915308,4e-06,33.2,-0.707,25,30,-1.42765,-0.001037,7.9733249870848875,7.872213202496899
2024-08-10 10:53:16.074876,4801,08/10/2024 10:53:09,6.86,3.62,-3.61,22.91,45.0,-0.947497,9e-06,-0.915392,9e-06,33.38,-0.806,25,30,-1.42765,-0.001037,7.974389904182762,7.873278119594773
2024-08-10 11:23:17.938609,4802,08/10/2024 11:23:10,6.86,3.62,-3.61,22.78,45.0,-0.947408,8e-06,-0.915431,1e-05,32.83,-0.804,25,30,-1.42765,-0.001037,7.975894310876586,7.874782526288597
2024-08-10 11:53:19.815251,4803,08/10/2024 11:53:12,6.86,3.62,-3.61,22.78,45.0,-0.947335,7e-06,-0.915449,8e-06,33.82,-0.836,25,30,-1.42765,-0.001037,7.977128262434442,7.876016477846453
2024-08-10 12:23:21.682753,4804,08/10/2024 12:23:14,6.86,3.62,-3.61,22.65,45.0,-0.947187,8e-06,-0.915443,1.1e-05,33.3,-0.964,25,30,-1.42765,-0.001037,7.97962997244215,7.878518187854161
2024-08-10 12:53:23.580107,4805,08/10/2024 12:53:16,6.86,3.62,-3.61,22.65,45.0,-0.947088,5e-06,-0.915436,3e-06,33.66,-0.949,25,30,-1.42765,-0.001037,7.9813034135959535,7.880191629007965
2024-08-10 13:23:25.445433,4806,08/10/2024 13:23:18,6.85,3.62,-3.61,22.14,45.0,-0.947013,9e-06,-0.915472,8e-06,33.45,-1.052,25,30,-1.42765,-0.001037,7.982571172045806,7.881459387457817
2024-08-10 13:53:27.344070,4807,08/10/2024 13:53:20,6.86,3.62,-3.61,22.65,45.0,-0.946473,7e-06,-0.91506,7e-06,33.32,-2.419,25,30,-1.42765,-0.001037,7.991699032884738,7.890587248296749
2024-08-10 14:23:29.205598,4808,08/10/2024 14:23:22,6.85,3.62,-3.61,22.65,45.0,-0.946376,1e-05,-0.915073,7e-06,33.98,-2.249,25,30,-1.42765,-0.001037,7.9933386671465465,7.892226882558558
2024-08-10 14:53:31.074496,4809,08/10/2024 14:53:23,6.86,3.62,-3.61,22.65,45.0,-0.946299,1.1e-05,-0.915113,5e-06,33.87,-2.175,25,30,-1.42765,-0.001037,7.994640232488394,7.8935284479004055
2024-08-10 15:23:32.939251,4810,08/10/2024 15:23:25,6.86,3.62,-3.61,22.65,45.0,-0.945334,6e-06,-0.914278,6e-06,33.22,-5.482,25,30,-1.42765,-0.001037,8.010952057876487,7.9098402732884985
2024-08-10 15:53:34.839932,4811,08/10/2024 15:53:27,6.87,3.62,-3.61,22.65,45.0,-0.945632,9e-06,-0.914723,9e-06,33.72,-4.032,25,30,-1.42765,-0.001037,8.005914830969076,7.904803046381087
2024-08-10 16:23:36.711114,4812,08/10/2024 16:23:29,6.86,3.62,-3.61,23.04,45.0,-0.945746,5e-06,-0.914922,9e-06,33.68,-3.618,25,30,-1.42765,-0.001037,8.003987838125301,7.902876053537312
2024-08-10 16:53:38.575480,4813,08/10/2024 16:53:31,6.88,3.62,-3.61,22.78,45.0,-0.945429,1.6e-05,-0.914767,8e-06,33.95,-4.212,25,30,-1.42765,-0.001037,8.009346230506676,7.908234445918687
2024-08-10 17:23:40.449335,4814,08/10/2024 17:23:33,6.86,3.62,-3.61,22.65,45.0,-0.945161,1.3e-05,-0.914573,1e-05,33.59,-5.626,25,30,-1.42765,-0.001037,8.013876354034144,7.912764569446155
2024-08-10 17:53:42.315106,4815,08/10/2024 17:53:35,6.88,3.62,-3.61,22.91,45.0,-0.944902,1.1e-05,-0.914448,5e-06,33.54,-6.278,25,30,-1.42765,-0.001037,8.018254346547632,7.917142561959643
2024-08-10 18:23:44.177623,4816,08/10/2024 18:23:36,6.86,3.62,-3.61,22.91,45.0,-0.944775,9e-06,-0.914522,1.1e-05,33.87,-6.588,25,30,-1.42765,-0.001037,8.020401084189382,7.9192892996013935
2024-08-10 18:53:46.037080,4817,08/10/2024 18:53:38,6.86,3.62,-3.61,22.91,45.0,-0.944674,8e-06,-0.91464,1e-05,33.4,-6.833,25,30,-1.42765,-0.001037,8.022108332235183,7.920996547647194
2024-08-10 19:23:47.906853,4818,08/10/2024 19:23:40,6.86,3.62,-3.61,22.91,45.0,-0.94465,8e-06,-0.914814,5e-06,33.17,-6.749,25,30,-1.42765,-0.001037,8.022514014939135,7.921402230351147
2024-08-10 19:53:49.771662,4819,08/10/2024 19:53:42,6.88,3.62,-3.61,23.17,45.0,-0.944759,6e-06,-0.915129,2e-06,34.1,-6.217,25,30,-1.42765,-0.001037,8.02067153932535,7.919559754737362
2024-08-10 20:23:51.626572,4820,08/10/2024 20:23:44,6.86,3.62,-3.61,22.91,45.0,-0.945063,4e-06,-0.915616,7e-06,33.69,-5.101,25,30,-1.42765,-0.001037,8.015532891741952,7.914421107153963
2024-08-10 20:53:53.499401,4821,08/10/2024 20:53:46,6.85,3.62,-3.61,23.3,45.0,-0.945376,1e-05,-0.916107,7e-06,33.58,-3.955,25,30,-1.42765,-0.001037,8.01024211314457,7.90913032855658
2024-08-10 21:23:55.356790,4822,08/10/2024 21:23:47,6.87,3.62,-3.61,23.17,45.0,-0.945655,1e-05,-0.916555,8e-06,33.56,-3.003,25,30,-1.42765,-0.001037,8.00552605171112,7.904414267123132
2024-08-10 21:53:57.212216,4823,08/10/2024 21:53:49,6.86,3.62,-3.61,23.17,45.0,-0.945848,1e-05,-0.916893,9e-06,33.72,-2.132,25,30,-1.42765,-0.001037,8.002263686633501,7.9011519020455125
2024-08-10 22:23:59.073360,4824,08/10/2024 22:23:51,6.86,3.62,-3.61,23.43,45.0,-0.946015,4e-06,-0.91719,3e-06,33.58,-1.295,25,30,-1.42765,-0.001037,7.999440811151833,7.898329026563844
2024-08-10 22:54:00.964895,4825,08/10/2024 22:53:53,6.86,3.62,-3.61,23.17,45.0,-0.946194,1e-05,-0.917484,4e-06,33.76,-1.052,25,30,-1.42765,-0.001037,7.996415094318187,7.895303309730198
2024-08-10 23:24:02.830550,4826,08/10/2024 23:23:55,6.86,3.62,-3.61,23.43,45.0,-0.946163,1.4e-05,-0.917563,5e-06,33.14,-0.866,25,30,-1.42765,-0.001037,7.996939101144126,7.8958273165561375
2024-08-10 23:54:04.689114,4827,08/10/2024 23:53:57,6.88,3.62,-3.61,23.04,45.0,-0.946174,1.1e-05,-0.917708,3e-06,33.72,-0.699,25,30,-1.42765,-0.001037,7.996753163238147,7.895641378650159
2024-08-11 00:24:06.561048,4828,08/11/2024 00:23:59,6.87,3.62,-3.61,23.04,45.0,-0.946135,1.1e-05,-0.917811,8e-06,34.18,-0.671,25,30,-1.42765,-0.001037,7.997412397632071,7.896300613044082
2024-08-11 00:54:08.463609,4829,08/11/2024 00:54:00,6.86,3.62,-3.61,22.91,45.0,-0.946095,4e-06,-0.917883,9e-06,33.15,-0.672,25,30,-1.42765,-0.001037,7.99808853547199,7.896976750884002
2024-08-11 01:24:10.364892,4830,08/11/2024 01:24:02,6.86,3.62,-3.61,23.3,45.0,-0.946047,5e-06,-0.917943,9e-06,33.69,-0.667,25,30,-1.42765,-0.001037,7.9988999008798976,7.897788116291909
2024-08-11 01:54:12.230299,4831,08/11/2024 01:54:04,6.86,3.62,-3.61,22.91,45.0,-0.946006,8e-06,-0.91804,4e-06,33.76,-0.67,25,30,-1.42765,-0.001037,7.999592942165816,7.8984811575778275
2024-08-11 02:24:14.093273,4832,08/11/2024 02:24:06,6.86,3.62,-3.61,23.04,45.0,-0.946047,1e-05,-0.918211,7e-06,33.38,-0.669,25,30,-1.42765,-0.001037,7.9988999008798976,7.897788116291909
2024-08-11 02:54:15.964767,4833,08/11/2024 02:54:08,6.88,3.62,-3.61,22.78,45.0,-0.946077,1e-05,-0.918376,1e-05,33.89,-0.655,25,30,-1.42765,-0.001037,7.998392797499958,7.897281012911969
2024-08-11 03:24:17.834232,4834,08/11/2024 03:24:10,6.85,3.62,-3.61,22.65,45.0,-0.945963,6e-06,-0.918394,5e-06,33.45,-0.658,25,30,-1.42765,-0.001037,8.00031979034373,7.899208005755741
2024-08-11 03:54:19.695426,4835,08/11/2024 03:54:12,6.86,3.62,-3.61,22.65,45.0,-0.945892,6e-06,-0.91847,9e-06,34.16,-0.648,25,30,-1.42765,-0.001037,8.00151993500959,7.900408150421601
2024-08-11 04:24:21.565181,4836,08/11/2024 04:24:13,6.86,3.62,-3.61,22.65,45.0,-0.945831,6e-06,-0.918525,7e-06,33.85,-0.652,25,30,-1.42765,-0.001037,8.00255104521547,7.90143926062748
2024-08-11 04:54:23.432181,4837,08/11/2024 04:54:15,6.86,3.62,-3.61,22.78,45.0,-0.945763,8e-06,-0.918615,7e-06,34.44,-0.637,25,30,-1.42765,-0.001037,8.003700479543335,7.902588694955346
2024-08-11 05:24:25.327660,4838,08/11/2024 05:24:17,6.86,3.62,-3.61,22.65,45.0,-0.945732,6e-06,-0.918718,7e-06,33.9,-0.638,25,30,-1.42765,-0.001037,8.004224486369273,7.903112701781284
2024-08-11 05:54:27.190024,4839,08/11/2024 05:54:19,6.86,3.62,-3.61,22.52,45.0,-0.945745,9e-06,-0.918893,6e-06,33.59,-0.632,25,30,-1.42765,-0.001037,8.0040047415713,7.902892956983312
2024-08-11 06:24:29.057274,4840,08/11/2024 06:24:21,6.86,3.62,-3.61,22.52,45.0,-0.945667,7e-06,-0.918973,9e-06,33.04,-0.643,25,30,-1.42765,-0.001037,8.005323210359144,7.904211425771155
2024-08-11 06:54:30.959613,4841,08/11/2024 06:54:23,6.85,3.62,-3.61,22.39,45.0,-0.945633,1e-05,-0.919054,7e-06,33.61,-0.636,25,30,-1.42765,-0.001037,8.005897927523078,7.904786142935089
2024-08-11 07:24:32.852617,4842,08/11/2024 07:24:25,6.86,3.62,-3.61,22.39,45.0,-0.945683,7e-06,-0.919255,8e-06,33.46,-0.641,25,30,-1.42765,-0.001037,8.005052755223176,7.903940970635187
2024-08-11 07:54:34.723472,4843,08/11/2024 07:54:26,6.85,3.62,-3.61,22.39,45.0,-0.945603,7e-06,-0.919325,4e-06,33.43,-0.631,25,30,-1.42765,-0.001037,8.00640503090302,7.905293246315031
2024-08-11 08:24:36.582239,4844,08/11/2024 08:24:29,6.85,3.62,-3.61,22.52,45.0,-0.945587,9e-06,-0.919454,7e-06,33.32,-0.626,25,30,-1.42765,-0.001037,8.006675486038988,7.905563701450999
2024-08-11 08:54:38.445566,4845,08/11/2024 08:54:31,6.85,3.62,-3.61,22.39,45.0,-0.945566,7e-06,-0.919595,6e-06,33.64,-0.629,25,30,-1.42765,-0.001037,8.007030458404945,7.905918673816956
2024-08-11 09:24:40.318682,4846,08/11/2024 09:24:33,6.85,3.62,-3.61,22.39,45.0,-0.94557,6e-06,-0.919735,6e-06,33.79,-0.632,25,30,-1.42765,-0.001037,8.006962844620952,7.905851060032964
2024-08-11 09:54:42.183940,4847,08/11/2024 09:54:35,6.85,3.62,-3.61,22.27,45.0,-0.94555,7e-06,-0.919855,5e-06,33.4,-0.695,25,30,-1.42765,-0.001037,8.007300913540913,7.906189128952924
2024-08-11 10:24:44.084732,4848,08/11/2024 10:24:37,6.85,3.62,-3.61,22.27,45.0,-0.945526,1e-05,-0.919962,5e-06,33.25,-0.865,25,30,-1.42765,-0.001037,8.007706596244866,7.906594811656877
2024-08-11 10:54:45.951883,4849,08/11/2024 10:54:39,6.86,3.62,-3.61,22.14,45.0,-0.945408,6e-06,-0.919997,6e-06,33.66,-0.969,25,30,-1.42765,-0.001037,8.009701202872632,7.9085894182846435
2024-08-11 11:24:47.806189,4850,08/11/2024 11:24:40,6.85,3.62,-3.61,22.14,45.0,-0.945359,7e-06,-0.920076,8e-06,33.72,-1.285,25,30,-1.42765,-0.001037,8.010529471726537,7.909417687138548
2024-08-11 11:54:49.675809,4851,08/11/2024 11:54:42,6.85,3.62,-3.61,22.14,45.0,-0.945108,8e-06,-0.91999,5e-06,34.54,-2.109,25,30,-1.42765,-0.001037,8.01477223667204,7.913660452084052
2024-08-11 12:24:51.543401,4852,08/11/2024 12:24:44,6.85,3.62,-3.61,22.39,45.0,-0.944964,8e-06,-0.91999,4e-06,33.81,-2.365,25,30,-1.42765,-0.001037,8.017206332895755,7.9160945483077665
2024-08-11 12:54:53.407549,4853,08/11/2024 12:54:46,6.87,3.62,-3.61,22.14,45.0,-0.944798,7e-06,-0.919984,2e-06,33.4,-2.993,25,30,-1.42765,-0.001037,8.020012304931427,7.918900520343438
2024-08-11 13:24:55.283727,4854,08/11/2024 13:24:48,6.85,3.62,-3.61,22.39,45.0,-0.944735,7e-06,-0.920108,1e-06,34.23,-2.981,25,30,-1.42765,-0.001037,8.021077222029303,7.919965437441315
2024-08-11 13:54:57.151080,4855,08/11/2024 13:54:50,6.85,3.62,-3.61,22.14,45.0,-0.944507,7e-06,-0.920039,9e-06,33.63,-3.809,25,30,-1.42765,-0.001037,8.024931207716852,7.9238194231288634
2024-08-11 14:24:59.017743,4856,08/11/2024 14:24:52,6.87,3.62,-3.61,22.14,45.0,-0.944178,1e-05,-0.919907,3e-06,33.97,-4.786,25,30,-1.42765,-0.001037,8.030492441450203,7.9293806568622145
2024-08-11 14:55:00.908566,4857,08/11/2024 14:54:53,6.85,3.62,-3.61,22.39,45.0,-0.944258,1.6e-05,-0.92012,1.1e-05,33.25,-4.641,25,30,-1.42765,-0.001037,8.02914016577036,7.92802838118237
2024-08-11 15:25:02.772833,4858,08/11/2024 15:24:55,6.85,3.62,-3.61,22.14,45.0,-0.944136,1e-05,-0.920196,4e-06,33.66,-4.427,25,30,-1.42765,-0.001037,8.03120238618212,7.930090601594131
2024-08-11 15:55:04.637051,4859,08/11/2024 15:54:57,6.85,3.62,-3.61,22.14,45.0,-0.944185,6e-06,-0.92042,5e-06,33.37,-4.304,25,30,-1.42765,-0.001037,8.030374117328215,7.929262332740226
2024-08-11 16:25:06.511181,4860,08/11/2024 16:24:59,6.85,3.62,-3.61,22.27,45.0,-0.943783,2.2e-05,-0.920134,1.6e-05,33.58,-5.862,25,30,-1.42765,-0.001037,8.037169302619422,7.936057518031433
2024-08-11 16:55:08.372369,4861,08/11/2024 16:55:01,6.85,3.62,-3.61,22.14,45.0,-0.944413,1.2e-05,-0.921042,9e-06,33.61,-3.057,25,30,-1.42765,-0.001037,8.026520131640668,7.925408347052679
2024-08-11 17:25:10.235435,4862,08/11/2024 17:25:03,6.85,3.62,-3.61,22.14,45.0,-0.943482,1.2e-05,-0.920313,6e-06,33.82,-6.353,25,30,-1.42765,-0.001037,8.042257239864826,7.941145455276837
2024-08-11 17:55:12.096321,4863,08/11/2024 17:55:04,6.84,3.62,-3.61,22.65,45.0,-0.943733,2e-05,-0.920743,8e-06,33.68,-5.631,25,30,-1.42765,-0.001037,8.038014474919322,7.936902690331333
2024-08-11 18:25:13.989896,4864,08/11/2024 18:25:06,6.85,3.62,-3.61,22.65,45.0,-0.943897,8e-06,-0.921161,8e-06,33.15,-4.504,25,30,-1.42765,-0.001037,8.035242309775647,7.934130525187658
2024-08-11 18:55:15.853109,4865,08/11/2024 18:55:08,6.85,3.62,-3.61,22.65,45.0,-0.943588,4e-06,-0.921008,2e-06,33.63,-5.356,25,30,-1.42765,-0.001037,8.040465474589036,7.939353690001047
2024-08-11 19:25:17.716425,4866,08/11/2024 19:25:10,6.86,3.62,-3.61,22.65,45.0,-0.944245,9e-06,-0.921884,7e-06,33.56,-2.964,25,30,-1.42765,-0.001037,8.029359910568335,7.928248125980346
2024-08-11 19:55:19.622818,4867,08/11/2024 19:55:12,6.85,3.62,-3.61,22.52,45.0,-0.943988,1.1e-05,-0.921773,6e-06,34.44,-3.639,25,30,-1.42765,-0.001037,8.033704096189826,7.932592311601837
2024-08-11 20:25:21.489518,4868,08/11/2024 20:25:14,6.86,3.62,-3.61,22.39,45.0,-0.944332,7e-06,-0.922289,6e-06,33.35,-2.383,25,30,-1.42765,-0.001037,8.027889310766508,7.926777526178519
2024-08-11 20:55:23.354503,4869,08/11/2024 20:55:16,6.85,3.62,-3.61,22.65,45.0,-0.943302,1e-05,-0.921423,5e-06,34.13,-5.714,25,30,-1.42765,-0.001037,8.045299860144471,7.944188075556482
2024-08-11 21:25:25.222811,4870,08/11/2024 21:25:17,6.86,3.62,-3.61,22.91,45.0,-0.943997,5e-06,-0.922274,9e-06,33.51,-3.025,25,30,-1.42765,-0.001037,8.033551965175844,7.9324401805878555
2024-08-11 21:55:27.098950,4871,08/11/2024 21:55:19,6.86,3.62,-3.61,22.78,45.0,-0.944272,5e-06,-0.922704,9e-06,33.37,-2.026,25,30,-1.42765,-0.001037,8.028903517526388,7.927791732938399
2024-08-11 22:25:28.957099,4872,08/11/2024 22:25:21,6.85,3.62,-3.61,22.91,45.0,-0.944462,1.1e-05,-0.923026,6e-06,33.12,-1.277,25,30,-1.42765,-0.001037,8.025691862786763,7.924580078198774
2024-08-11 22:55:30.818583,4873,08/11/2024 22:55:23,6.85,3.62,-3.61,22.65,45.0,-0.944486,9e-06,-0.923173,4e-06,33.79,-1.037,25,30,-1.42765,-0.001037,8.02528618008281,7.924174395494822
2024-08-11 23:25:32.687733,4874,08/11/2024 23:25:25,6.85,3.62,-3.61,22.65,45.0,-0.944529,7e-06,-0.923304,6e-06,33.69,-0.724,25,30,-1.42765,-0.001037,8.024559331904896,7.923447547316908
2024-08-11 23:55:34.593497,4875,08/11/2024 23:55:27,6.86,3.62,-3.61,22.65,45.0,-0.944458,6e-06,-0.92335,1e-05,33.94,-0.658,25,30,-1.42765,-0.001037,8.025759476570755,7.924647691982766
2024-08-12 00:25:36.488607,4876,08/12/2024 00:25:29,6.85,3.62,-3.61,22.78,45.0,-0.944502,5e-06,-0.923487,8e-06,33.35,-0.645,25,30,-1.42765,-0.001037,8.025015724946844,7.923903940358855
2024-08-12 00:55:38.354508,4877,08/12/2024 00:55:30,6.86,3.62,-3.61,22.78,45.0,-0.944484,4e-06,-0.923535,4e-06,34.0,-0.635,25,30,-1.42765,-0.001037,8.025319986974807,7.9242082023868186
2024-08-12 01:25:40.243070,4878,08/12/2024 01:25:32,6.85,3.62,-3.61,22.52,45.0,-0.944422,8e-06,-0.923568,5e-06,32.94,-0.638,25,30,-1.42765,-0.001037,8.026368000626684,7.9252562160386955
2024-08-12 01:55:42.103915,4879,08/12/2024 01:55:34,6.86,3.62,-3.61,22.52,45.0,-0.944389,1.4e-05,-0.923627,7e-06,33.82,-0.635,25,30,-1.42765,-0.001037,8.026925814344619,7.92581402975663
2024-08-12 02:25:43.968950,4880,08/12/2024 02:25:36,6.86,3.62,-3.61,22.39,45.0,-0.944403,9e-06,-0.923749,8e-06,33.74,-0.635,25,30,-1.42765,-0.001037,8.026689166100647,7.9255773815126584
2024-08-12 02:55:45.840654,4881,08/12/2024 02:55:38,6.85,3.62,-3.61,22.39,45.0,-0.944388,4e-06,-0.923773,5e-06,33.28,-0.638,25,30,-1.42765,-0.001037,8.026942717790618,7.925830933202629
2024-08-12 03:25:47.708122,4882,08/12/2024 03:25:40,6.84,3.62,-3.61,22.52,45.0,-0.944366,1.1e-05,-0.923845,4e-06,33.45,-0.628,25,30,-1.42765,-0.001037,8.027314593602574,7.926202809014585
2024-08-12 03:55:49.559587,4883,08/12/2024 03:55:42,6.88,3.62,-3.61,22.39,45.0,-0.944342,7e-06,-0.92388,6e-06,33.72,-0.623,25,30,-1.42765,-0.001037,8.027720276306527,7.926608491718538
2024-08-12 04:25:51.429827,4884,08/12/2024 04:25:43,6.86,3.62,-3.61,22.27,45.0,-0.944319,5e-06,-0.923928,7e-06,34.15,-0.632,25,30,-1.42765,-0.001037,8.02810905556448,7.926997270976491
2024-08-12 04:55:53.307256,4885,08/12/2024 04:55:45,6.85,3.62,-3.61,22.52,45.0,-0.94435,6e-06,-0.924026,1.1e-05,33.92,-0.625,25,30,-1.42765,-0.001037,8.027585048738542,7.9264732641505535
2024-08-12 05:25:55.176175,4886,08/12/2024 05:25:47,6.85,3.62,-3.61,22.14,45.0,-0.944335,6e-06,-0.924077,6e-06,33.46,-0.622,25,30,-1.42765,-0.001037,8.027838600428511,7.926726815840523
2024-08-12 05:55:57.037941,4887,08/12/2024 05:55:49,6.87,3.62,-3.61,22.27,45.0,-0.944266,4e-06,-0.924071,1e-05,33.56,-0.613,25,30,-1.42765,-0.001037,8.029004938202375,7.927893153614386
2024-08-12 06:25:58.900143,4888,08/12/2024 06:25:51,6.86,3.62,-3.61,22.14,45.0,-0.94424,5e-06,-0.924095,4e-06,33.22,-0.622,25,30,-1.42765,-0.001037,8.029444427798325,7.928332643210336
2024-08-12 06:56:00.762563,4889,08/12/2024 06:55:53,6.85,3.62,-3.61,22.14,45.0,-0.944241,4e-06,-0.924146,8e-06,33.37,-0.609,25,30,-1.42765,-0.001037,8.029427524352327,7.928315739764338
2024-08-12 07:26:02.664373,4890,08/12/2024 07:25:54,6.85,3.62,-3.61,22.14,45.0,-0.944236,1e-05,-0.924226,7e-06,34.21,-0.617,25,30,-1.42765,-0.001037,8.029512041582317,7.928400256994328
2024-08-12 07:56:04.528327,4891,08/12/2024 07:55:56,6.84,3.62,-3.61,21.88,45.0,-0.944208,7e-06,-0.924226,1e-05,34.34,-0.604,25,30,-1.42765,-0.001037,8.029985338070261,7.928873553482273
2024-08-12 08:26:06.395649,4892,08/12/2024 08:25:58,6.85,3.62,-3.61,22.14,45.0,-0.944177,5e-06,-0.924245,7e-06,34.05,-0.603,25,30,-1.42765,-0.001037,8.030509344896199,7.92939756030821
2024-08-12 08:56:08.256654,4893,08/12/2024 08:56:00,6.85,3.62,-3.61,22.01,45.0,-0.944099,1.1e-05,-0.92422,6e-06,33.01,-0.613,25,30,-1.42765,-0.001037,8.031827813684046,7.930716029096057
2024-08-12 09:26:10.133879,4894,08/12/2024 09:26:02,6.85,3.62,-3.61,22.14,45.0,-0.944064,6e-06,-0.924229,5e-06,34.39,-0.597,25,30,-1.42765,-0.001037,8.032419434293978,7.931307649705989
2024-08-12 09:56:12.003837,4895,08/12/2024 09:56:04,6.85,3.62,-3.61,21.88,45.0,-0.944026,1e-05,-0.92425,6e-06,33.72,-0.674,25,30,-1.42765,-0.001037,8.033061765241902,7.931949980653913
2024-08-12 10:26:13.901102,4896,08/12/2024 10:26:06,6.85,3.62,-3.61,21.88,45.0,-0.943962,9e-06,-0.924239,6e-06,33.46,-0.851,25,30,-1.42765,-0.001037,8.034143585785776,7.933031801197787
2024-08-12 10:56:15.765123,4897,08/12/2024 10:56:07,6.85,3.62,-3.61,21.36,45.0,-0.943873,9e-06,-0.924204,4e-06,33.32,-1.03,25,30,-1.42765,-0.001037,8.0356479924796,7.934536207891611
2024-08-12 11:26:17.664355,4898,08/12/2024 11:26:09,6.84,3.62,-3.61,21.88,45.0,-0.943822,1e-05,-0.924213,7e-06,34.11,-1.192,25,30,-1.42765,-0.001037,8.036510068225498,7.935398283637509
2024-08-12 11:56:19.533363,4899,08/12/2024 11:56:11,6.85,3.62,-3.61,21.88,45.0,-0.943564,5e-06,-0.924027,4e-06,33.9,-2.031,25,30,-1.42765,-0.001037,8.04087115729299,7.9397593727050015
2024-08-12 12:26:21.429966,4900,08/12/2024 12:26:13,6.85,3.62,-3.61,21.88,45.0,-0.943754,1.4e-05,-0.924322,1.2e-05,33.74,-1.289,25,30,-1.42765,-0.001037,8.037659502553364,7.936547717965375
2024-08-12 12:56:23.297787,4901,08/12/2024 12:56:15,6.84,3.62,-3.61,21.75,45.0,-0.943562,8e-06,-0.924202,9e-06,33.76,-2.115,25,30,-1.42765,-0.001037,8.040904964184985,7.939793179596997
2024-08-12 13:26:25.160606,4902,08/12/2024 13:26:17,6.85,3.62,-3.61,21.62,45.0,-0.942274,8e-06,-0.923127,7e-06,33.54,-6.653,25,30,-1.42765,-0.001037,8.062676602630441,7.9615648180424525
2024-08-12 13:56:27.026479,4903,08/12/2024 13:56:19,6.85,3.62,-3.61,21.88,45.0,-0.942349,8e-06,-0.923469,6e-06,33.45,-6.293,25,30,-1.42765,-0.001037,8.061408844180589,7.9602970595926
2024-08-12 14:26:28.884331,4904,08/12/2024 14:26:20,6.85,3.62,-3.61,22.39,45.0,-0.942155,5e-06,-0.923561,8e-06,33.64,-7.158,25,30,-1.42765,-0.001037,8.064688112704205,7.963576328116217
